method,n,rmse_log,mae_log,rmse_volume,mae_volume
Persistence last observation,300,0.5348068352178452,0.37612935976962036,1.4224725068992594,0.7632930891304
Linear extrapolation in volume,300,3.9283596083011,1.278945020468399,2.007619082253071,1.0564894964434666
Log-linear / VDT extrapolation,300,0.7402024634663497,0.5244829975184883,3.6915967730218653,1.450503385412058
Fixed one-interval volume doubling,300,0.7806789276072537,0.6679751004945615,3.651192225902526,2.1506354656230666
