audit,feature_set,n_features,rmse_log,mae_log,rmse_volume,mae_volume,corr_pred_residual_target,chosen,lambdas,seed
ablation,all_features,12,0.2000566096566037,0.09229402688329631,0.9165878371998791,0.2436940277939318,0.9338118009097989,krr_a0.01_g0.03;krr_a0.01_g0.03;krr_a0.01_g0.03;krr_a0.01_g0.03;krr_a0.01_g0.03,1.05;1.05;1.05;1.05;1.05,
ablation,early_ct_only,8,0.5253502389165104,0.36901247612252147,1.5636656717043782,0.7853278408226533,0.33737130024598266,krr_a0.1_g0.01;ridge_a0.1;ridge_a0.01;ridge_a0.01;krr_a10.0_g0.1,0.90;0.85;0.95;0.75;1.20,
ablation,gompertz_uq_only,4,0.23294207942906892,0.09614281308929135,0.7876553374400431,0.21821858093084368,0.9094628207479647,krr_a0.01_g0.03;krr_a0.01_g0.1;krr_a0.01_g0.3;krr_a0.01_g0.1;krr_a0.01_g0.03,1.05;1.05;1.00;1.05;1.10,
permutation,all_features_shuffled_train_residual,12,0.6123745425201312,0.4096278472468109,1.4592692624115449,0.808281791201637,0.002743865854588602,ridge_a0.01;poly_ridge_a10.0;krr_a1.0_g0.3;poly_ridge_a100.0;poly_ridge_a0.1,0.00;0.20;0.80;0.70;0.20,11.0
permutation,all_features_shuffled_train_residual,12,0.5738997995425794,0.4043168967048591,1.724161246221741,0.8687391068760644,0.0037709188245097867,ridge_a0.1;knn_k5;krr_a10.0_g0.01;poly_ridge_a100.0;ridge_a10.0,0.40;0.35;0.90;0.60;0.95,22.0
permutation,all_features_shuffled_train_residual,12,0.5419115699035929,0.3838228911842558,1.6606155153376445,0.8341080663636251,0.24012935242409397,knn_k80;ridge_a0.1;krr_a0.1_g0.01;krr_a0.1_g0.03;knn_k80,0.75;0.95;1.40;0.95;0.55,33.0
permutation,all_features_shuffled_train_residual,12,0.5785950407609022,0.41042024409764183,1.5975809963648946,0.8590568687843457,-0.0493873890012405,ridge_a0.01;poly_ridge_a100.0;ridge_a100.0;poly_ridge_a100.0;poly_ridge_a100.0,1.15;0.20;1.00;0.75;0.30,44.0
permutation,all_features_shuffled_train_residual,12,0.7205104083361734,0.4234917107419099,1.54880357259871,0.8365043214904593,0.13510312940998667,ridge_a10.0;ridge_a100.0;krr_a0.1_g0.03;krr_a10.0_g0.01;poly_ridge_a0.1,1.25;0.95;0.90;0.40;0.40,55.0
