method,method_display,n,rmse_log,mae_volume,coverage_95,mean_interval_width_V,mean_relative_interval_width_V,interval_score,selected_residual
gompertz_bayes,Bayesian Gompertz,300,0.5662328023263598,0.8550826884886091,0.6,2.293988054236917,1.1337055586498568,12.161373645922854,
size_complexity_gate,Size-aware complexity gate,300,0.5513401353862017,0.8470585857563728,0.6,2.293988054236917,1.1337055586498568,12.161373645922854,119.0
gompertz_conformal_add,Bayesian Gompertz + conformal,300,0.5662328023263598,0.8550826884886091,0.95,4.219378873380228,2.771394780886995,8.298833582947474,
size_gate_conformal_add,Size-aware gate + conformal,300,0.5513401353862017,0.8470585857563728,0.95,4.148549850998654,2.71019595571159,8.01977150288867,119.0
gompertz_conformal_scale,Bayesian Gompertz + scaled conformal,300,0.5662328023263598,0.8550826884886091,0.95,5.9634493292295865,2.9792652878745542,9.062534947333821,
size_gate_conformal_scale,Size-aware gate + scaled conformal,300,0.5513401353862017,0.8470585857563728,0.95,5.72671917078501,2.985133757889437,8.455952674184633,119.0
