method,method_display,n,selected_residual,rmse_log,mae_log,rmse_volume,mae_volume,coverage_95,interval_score
gompertz_bayes,Bayesian Gompertz,300,,0.5662328023263598,0.41274042415022755,1.6681504431925136,0.8550826884886091,0.6,12.161373645922854
residual_map,Residual PINN MAP only,300,,0.5971992244929764,0.42922825260837727,2.144713231516222,1.032340267,,
adaptive,Residual-score adaptive gate,300,,0.5805153177933435,0.4171051570724961,1.675497945822398,0.8583470032298502,0.6,12.161373494679378
complexity_gate,Complexity-aware gate,300,121.0,0.5746954131656776,0.4113891928583973,1.6564968043948205,0.8518727426615545,0.6,12.161373494679378
oracle_log,Oracle branch selection,300,150.0,0.4291442744052977,0.29273246885462234,1.5265000062788652,0.6664033549340681,0.6,12.161373494679378
nls,NLS Gompertz,300,,0.6047741092559216,0.4315570822280891,2.791124067503602,1.2278912347036788,,
