patient_id,t_rel,V_obs
1001,0.0,1.024835707650562
1001,2.5714285714285716,8.81883371764266
1001,5.142857142857143,28.902496116764706
1001,7.714285714285715,55.101320903722424
1001,10.285714285714286,69.50768934857199
1001,12.857142857142858,82.13300889840565
1001,15.42857142857143,97.89241499893848
1001,18.0,98.6585811578704
