n,pearson_r,pearson_p,spearman_rho,spearman_p,linear_slope,linear_slope_se,linear_slope_p,residual_mean,residual_sd
300,-0.04103490683107291,0.47889768622118395,-0.019231769241880466,0.7400824988669787,-0.025775502734799248,0.03635629397183983,0.47889768622118295,-0.09735655266989186,0.558732399630856
