panel,x_column,n,pearson_r,pearson_p,spearman_rho,spearman_p
(a),gompertz_bayes_pred_y,300,-0.04103490683107291,0.47889768622118395,-0.019231769241880466,0.7400824988669787
(b),train_log_growth,300,0.29069700946499377,2.973770947256122e-07,0.3446567184079823,8.588034659054235e-10
(c),gompertz_pred_relative_interval_width,300,0.22393705634496375,9.141709768088376e-05,0.33941354903943377,1.5960957285941064e-09
