metric,median_bayesian_gompertz,median_proposed,mean_bayesian_gompertz,mean_proposed
Squared log-volume error,0.08704333099452374,0.07447811177128136,0.3206195864303624,0.27872877730563594
Absolute volume error,0.41446928433786084,0.3317175290258866,0.8550826884886091,0.7636375619618806
