fold,selected_model,inner_cv_selected_lambda,inner_loss,n_test
0,ridge_a1.0,0.8500000000000001,0.29884647083444327,56
1,ridge_a0.1,0.75,0.23089790157336915,58
2,ridge_a0.01,0.8500000000000001,0.24821694645068748,61
3,ridge_a1.0,0.65,0.30134230572480525,63
4,ridge_a1.0,0.8,0.29856873228046477,62
