Method,RMSE_log,MAE_volume,p_log_vs_ref,p_absV_vs_ref,Coverage_Wilson95CI,Interval_score,Rel_width
Bayesian Gompertz,0.5662328023263598,0.8550826884886091,,,"0.600 [0.544, 0.654]",12.161373645922854,1.1337055586498568
Gompertz-guided population residual,0.5279477031919316,0.7636375619618806,7.2532040705640545e-06,4.572319817469867e-05,"0.600 [0.544, 0.654]",12.161373645922854,1.1337055586498568
Population residual + conformal,0.5279477031919316,0.7636375619618806,7.2532040705640545e-06,4.572319817469867e-05,"0.950 [0.919, 0.969]",8.472701443969354,2.856915936366278
Residual PINN MAP only,0.5971992244929764,1.032340267,0.0003319123396283,7.459600036550523e-06,N/A,,
NLS Gompertz,0.6047741092559216,1.2278912347036788,0.000400402531188,6.856677986372355e-06,N/A,,
