baseline,p_log,p_vol,rank_biserial_log,rank_biserial_vol,cohens_dz_log,cohens_dz_vol
Bayesian Gompertz,7.2532040705640545e-06,4.572319817469867e-05,0.2988261351052049,0.2715393133997785,0.16746122316139703,0.10885962560439973
Residual PINN MAP only,0.0003319123396283091,7.459600036550523e-06,0.23906976744186045,0.29842746400885933,0.15824533358820073,0.2029337173904674
NLS Gompertz,0.0004004025311880447,6.856677986372355e-06,0.23579180509413067,0.2996234772978959,0.21105026828436765,0.23115639455176049
