lambda,rmse_log,mae_log,rmse_volume,mae_volume
0.0,0.5662328023263598,0.4127404241502275,1.5855350693988721,0.8374692404124291
0.25,0.5471149472893059,0.39545303095032175,1.3855460616110313,0.7890477477900749
0.5,0.534095519296188,0.38064430091531376,1.351955851268684,0.7597045153891037
0.75,0.5276261564640411,0.37415828165224846,1.3646949290926342,0.7604410071187967
1.0,0.5279477031919317,0.37200632182357796,1.3901169450226296,0.7636375619618806
1.25,0.5350479162599574,0.3736072197757767,1.42165505858374,0.7710704949430339
1.5,0.5486636922108808,0.37809072913761077,1.4591980367401531,0.7847763385452783
