method,method_display,n,rmse_log,mae_log,rmse_volume,mae_volume,coverage_95,interval_score,mean_relative_interval_width_V
gompertz_bayes,Bayesian Gompertz,300,0.5662328023263598,0.4127404241502275,1.6681504431925136,0.8550826884886091,0.6,12.161373645922854,1.1337055586498568
population_residual,Gompertz-guided population residual,300,0.5279477031919316,0.3720063218235779,1.3901169450226298,0.7636375619618806,0.6,12.161373645922854,1.1337055586498568
population_residual_conformal,Population residual + conformal,300,0.5279477031919316,0.3720063218235779,1.3901169450226298,0.7636375619618806,0.95,8.472701443969354,2.856915936366278
residual_map,Residual PINN MAP only,300,0.5971992244929764,0.4292282526083772,2.144713231516222,1.032340267,,,
nls,NLS Gompertz,300,0.6047741092559216,0.4315570822280891,2.791124067503602,1.2278912347036788,,,
