Feature set,n_features,rmse_log,mae_volume,corr_pred_residual_target,rmse_reduction_pct,mae_reduction_pct
Bayesian Gompertz backbone only,0,0.5662328023263598,0.8550826884886091,,0.0,0.0
All non-leaking features,12,0.5279477031919316,0.7636375619618806,0.3337193710990759,6.761370760777955,10.694302171917577
Early CT features only,8,0.5253502389165104,0.7853278408226533,0.3373713002459826,7.220098030683467,8.157672773056623
Gompertz prediction only,2,0.5602758267803705,0.8410767652238237,0.0387710629829082,1.052036463008701,1.6379612701014266
Gompertz uncertainty only,2,0.5425598581450085,0.7999078546551494,0.2473978219386417,4.180779369208437,6.452572900403746
Gompertz prediction + uncertainty,4,0.5381746325405559,0.7977335699886434,0.2679562482419328,4.955235668178756,6.706850608954841
