nominal_level,empirical_coverage_log,empirical_coverage_volume,coverage_gap_log,coverage_gap_volume
0.5,0.6222222222222222,0.6222222222222222,0.12222222222222223,0.12222222222222223
0.6,0.7,0.7,0.09999999999999998,0.09999999999999998
0.7,0.8,0.8,0.10000000000000009,0.10000000000000009
0.8,0.8777777777777778,0.8777777777777778,0.07777777777777772,0.07777777777777772
0.9,0.9444444444444444,0.9444444444444444,0.0444444444444444,0.0444444444444444
0.95,0.9888888888888889,0.9888888888888889,0.03888888888888897,0.03888888888888897
