nominal_level,mean_empirical_coverage_log,std_empirical_coverage_log,mean_empirical_coverage_volume,std_empirical_coverage_volume,n_patients
0.5,0.6222222222222221,0.3244014037477523,0.6222222222222221,0.3244014037477523,30
0.6,0.6999999999999998,0.2949121565426362,0.6999999999999998,0.2949121565426362,30
0.7,0.8000000000000002,0.27122540144832413,0.8000000000000002,0.27122540144832413,30
0.8,0.8777777777777779,0.25496349875235247,0.8777777777777779,0.25496349875235247,30
0.9,0.9444444444444445,0.17688954350174416,0.9444444444444445,0.17688954350174416,30
0.95,0.9888888888888888,0.06085806194501847,0.9888888888888888,0.06085806194501847,30
