nominal_level,mean_empirical_coverage_y,mean_empirical_coverage_V,n_patients
0.5,0.6333333333333332,0.6333333333333332,30
0.6,0.7111111111111109,0.7111111111111109,30
0.7,0.8111111111111111,0.8111111111111111,30
0.8,0.888888888888889,0.888888888888889,30
0.9,0.9444444444444445,0.9444444444444445,30
0.95,0.9888888888888888,0.9888888888888888,30
