method,n_patients_available,rmse_V_holdout,mae_V_holdout,rmse_y_holdout,mae_y_holdout,mean_relative_interval_width_V,mean_interval_score_V,coverage_95CI_V,coverage_minus_target_95CI_V,p_value_sq_log_error_vs_bayes,p_value_abs_volume_error_vs_bayes
Bayesian PINN,30,0.5795977919772384,0.4707993380490629,0.1085500032620013,0.0925175270618009,0.4881724649089603,2.6266828839342793,1.0,0.05,,
Deterministic PINN (MAP),30,1.298735372212039,1.056156503333333,0.2515155576319346,0.2070927011239961,,,,,0.0047701981667816,7.192463737262092e-06
NLS Gompertz,30,0.1739150553267511,0.1084076043764947,0.035397940205851,0.0225000792495998,,,,,4.66282177722581e-05,2.675595323618119e-07
