Method,RMSE (log),t-test p (RMSE),Wilcoxon p (RMSE),Effect size dz (RMSE),MAE (volume),t-test p (MAE),Wilcoxon p (MAE),Effect size dz (MAE),Mean Rel. CI Width,Interval Score,Coverage Deviation
Gompertz + PINN + Bayesian,0.19821,N/A,N/A,N/A,0.81756,N/A,N/A,N/A,0.78723,4.62139,0.01667
PINN + Bayesian,0.25686,0.0618,0.1142,0.35471,0.96947,0.2856,0.1519,0.19863,0.13327,27.72350,-0.71667
Pure PINN,0.72243,1.69e-09,1.30e-08,1.57483,2.71723,2.14e-10,1.30e-08,1.73226,N/A,N/A,N/A
Gompertz + Bayesian,0.19814,0.1285,0.0010,-0.28569,0.81822,0.4103,0.0577,0.15253,0.78769,4.62390,0.01667
Bayesian GP,0.52563,0.0024,9.98e-07,0.60747,1.90945,1.48e-05,5.14e-06,0.94820,0.52004,28.61126,-0.71667
Pure GP,0.39323,0.2172,0.0197,0.23029,1.08203,0.1474,0.0577,0.27179,N/A,N/A,N/A
Pure Gompertz,0.29318,0.1621,0.1191,0.26191,1.19552,0.2440,0.2129,0.21710,N/A,N/A,N/A
